{
  "building_depth": 36.0,
  "building_width": 20.0,
  "danger_count": 6,
  "distractor_count": 5,
  "entrance_pose": [
    0.0,
    0.0,
    0.0,
    0.0,
    0.0,
    0.0
  ],
  "floor_heights": [
    0.0,
    2.6,
    5.2
  ],
  "model_name": "generated_building",
  "num_floors": 3,
  "room_count": 12,
  "schema": "competition_building_config_v1",
  "seed": 1295311499,
  "target_points": {
    "elevators": {
      "0": [
        1.6500000000000001,
        2.6,
        1.2,
        0.0,
        0.0,
        3.141592653589793
      ],
      "1": [
        1.6500000000000001,
        2.6,
        3.8,
        0.0,
        0.0,
        3.141592653589793
      ],
      "2": [
        1.6500000000000001,
        2.6,
        6.4,
        0.0,
        0.0,
        3.141592653589793
      ]
    },
    "main_entrance": [
      0.0,
      0.0,
      0.0,
      0.0,
      0.0,
      0.0
    ],
    "rooms": {
      "floor_0_room_0": [
        -4.8,
        14.865,
        0.0,
        0.0,
        0.0,
        0.0
      ],
      "floor_0_room_1": [
        4.8,
        14.865,
        0.0,
        0.0,
        0.0,
        0.0
      ],
      "floor_0_room_2": [
        -4.8,
        28.894999999999996,
        0.0,
        0.0,
        0.0,
        0.0
      ],
      "floor_0_room_3": [
        4.8,
        28.894999999999996,
        0.0,
        0.0,
        0.0,
        0.0
      ],
      "floor_1_room_0": [
        -4.8,
        14.865,
        2.6,
        0.0,
        0.0,
        0.0
      ],
      "floor_1_room_1": [
        4.8,
        14.865,
        2.6,
        0.0,
        0.0,
        0.0
      ],
      "floor_1_room_2": [
        -4.8,
        28.894999999999996,
        2.6,
        0.0,
        0.0,
        0.0
      ],
      "floor_1_room_3": [
        4.8,
        28.894999999999996,
        2.6,
        0.0,
        0.0,
        0.0
      ],
      "floor_2_room_0": [
        -4.8,
        14.865,
        5.2,
        0.0,
        0.0,
        0.0
      ],
      "floor_2_room_1": [
        4.8,
        14.865,
        5.2,
        0.0,
        0.0,
        0.0
      ],
      "floor_2_room_2": [
        -4.8,
        28.894999999999996,
        5.2,
        0.0,
        0.0,
        0.0
      ],
      "floor_2_room_3": [
        4.8,
        28.894999999999996,
        5.2,
        0.0,
        0.0,
        0.0
      ]
    },
    "stairs": {
      "0": [
        -2.5500000000000003,
        1.55,
        0.0,
        0.0,
        0.0,
        0.0
      ],
      "1": [
        -2.5500000000000003,
        1.55,
        2.6,
        0.0,
        0.0,
        0.0
      ],
      "2": [
        -2.5500000000000003,
        1.55,
        5.2,
        0.0,
        0.0,
        0.0
      ]
    }
  },
  "world_file": "/home/ros/Guoyulun/Competition/SimEnv/generated_building/competition_scene.world"
}
